"bound","FDP_bar","m"
"FREEDMAN",0,10
"FREEDMAN",0,10
"FREEDMAN",1,10
"FREEDMAN",1,10
"FREEDMAN",0,10
"FREEDMAN",0,10
"FREEDMAN",1,10
"FREEDMAN",1,10
"FREEDMAN",0,10
"FREEDMAN",1,10
"FREEDMAN",0,10
"FREEDMAN",0,10
"FREEDMAN",1,10
"FREEDMAN",1,10
"FREEDMAN",0,10
"FREEDMAN",0,10
"FREEDMAN",0,10
"FREEDMAN",0,10
"FREEDMAN",1,10
"FREEDMAN",0,10
"FREEDMAN",1,10
"FREEDMAN",0,10
"FREEDMAN",0,10
"FREEDMAN",0,10
"FREEDMAN",0,10
"FREEDMAN",0,10
"FREEDMAN",0,10
"FREEDMAN",0,10
"FREEDMAN",0,10
"FREEDMAN",1,10
"FREEDMAN",0,10
"FREEDMAN",0,10
"FREEDMAN",1,10
"FREEDMAN",0,10
"FREEDMAN",0,10
"FREEDMAN",1,10
"FREEDMAN",0,10
"FREEDMAN",0,10
"FREEDMAN",0,10
"FREEDMAN",0,10
"FREEDMAN",1,10
"FREEDMAN",0,10
"FREEDMAN",1,10
"FREEDMAN",1,10
"FREEDMAN",0,10
"FREEDMAN",0,10
"FREEDMAN",0,10
"FREEDMAN",0,10
"FREEDMAN",0,10
"FREEDMAN",0,10
"FREEDMAN",0,10
"FREEDMAN",0,10
"FREEDMAN",0,10
"FREEDMAN",1,10
"FREEDMAN",0,10
"FREEDMAN",1,10
"FREEDMAN",0,10
"FREEDMAN",0,10
"FREEDMAN",0,10
"FREEDMAN",0,10
"FREEDMAN",0,10
"FREEDMAN",0,10
"FREEDMAN",1,10
"FREEDMAN",1,10
"FREEDMAN",0,10
"FREEDMAN",0,10
"FREEDMAN",0,10
"FREEDMAN",0,10
"FREEDMAN",0,10
"FREEDMAN",0,10
"FREEDMAN",0,10
"FREEDMAN",0,10
"FREEDMAN",0,10
"FREEDMAN",0,10
"FREEDMAN",1,10
"FREEDMAN",1,10
"FREEDMAN",1,10
"FREEDMAN",0,10
"FREEDMAN",1,10
"FREEDMAN",0,10
"FREEDMAN",0,10
"FREEDMAN",0,10
"FREEDMAN",1,10
"FREEDMAN",1,10
"FREEDMAN",0,10
"FREEDMAN",0,10
"FREEDMAN",1,10
"FREEDMAN",0,10
"FREEDMAN",0,10
"FREEDMAN",1,10
"FREEDMAN",0,10
"FREEDMAN",0,10
"FREEDMAN",0,10
"FREEDMAN",1,10
"FREEDMAN",0,10
"FREEDMAN",0,10
"FREEDMAN",0,10
"FREEDMAN",0,10
"FREEDMAN",1,10
"FREEDMAN",1,10
"FREEDMAN",1,100
"FREEDMAN",1,100
"FREEDMAN",1,100
"FREEDMAN",1,100
"FREEDMAN",1,100
"FREEDMAN",1,100
"FREEDMAN",1,100
"FREEDMAN",1,100
"FREEDMAN",1,100
"FREEDMAN",1,100
"FREEDMAN",1,100
"FREEDMAN",0,100
"FREEDMAN",1,100
"FREEDMAN",1,100
"FREEDMAN",1,100
"FREEDMAN",1,100
"FREEDMAN",1,100
"FREEDMAN",1,100
"FREEDMAN",1,100
"FREEDMAN",1,100
"FREEDMAN",1,100
"FREEDMAN",0,100
"FREEDMAN",0,100
"FREEDMAN",1,100
"FREEDMAN",1,100
"FREEDMAN",1,100
"FREEDMAN",1,100
"FREEDMAN",1,100
"FREEDMAN",1,100
"FREEDMAN",0,100
"FREEDMAN",1,100
"FREEDMAN",1,100
"FREEDMAN",1,100
"FREEDMAN",1,100
"FREEDMAN",1,100
"FREEDMAN",1,100
"FREEDMAN",1,100
"FREEDMAN",1,100
"FREEDMAN",1,100
"FREEDMAN",1,100
"FREEDMAN",1,100
"FREEDMAN",1,100
"FREEDMAN",0.990788134686266,100
"FREEDMAN",0,100
"FREEDMAN",1,100
"FREEDMAN",1,100
"FREEDMAN",0,100
"FREEDMAN",0,100
"FREEDMAN",1,100
"FREEDMAN",1,100
"FREEDMAN",0.891196637812443,100
"FREEDMAN",0,100
"FREEDMAN",1,100
"FREEDMAN",0,100
"FREEDMAN",1,100
"FREEDMAN",1,100
"FREEDMAN",1,100
"FREEDMAN",1,100
"FREEDMAN",0.970393140208798,100
"FREEDMAN",1,100
"FREEDMAN",1,100
"FREEDMAN",1,100
"FREEDMAN",1,100
"FREEDMAN",0,100
"FREEDMAN",1,100
"FREEDMAN",0.937038676012526,100
"FREEDMAN",1,100
"FREEDMAN",1,100
"FREEDMAN",1,100
"FREEDMAN",1,100
"FREEDMAN",1,100
"FREEDMAN",1,100
"FREEDMAN",1,100
"FREEDMAN",0,100
"FREEDMAN",0.960997529665599,100
"FREEDMAN",1,100
"FREEDMAN",0,100
"FREEDMAN",1,100
"FREEDMAN",1,100
"FREEDMAN",1,100
"FREEDMAN",1,100
"FREEDMAN",1,100
"FREEDMAN",0.827079021688963,100
"FREEDMAN",0,100
"FREEDMAN",1,100
"FREEDMAN",1,100
"FREEDMAN",1,100
"FREEDMAN",1,100
"FREEDMAN",1,100
"FREEDMAN",1,100
"FREEDMAN",0,100
"FREEDMAN",0,100
"FREEDMAN",0,100
"FREEDMAN",1,100
"FREEDMAN",0,100
"FREEDMAN",1,100
"FREEDMAN",1,100
"FREEDMAN",1,100
"FREEDMAN",1,100
"FREEDMAN",0,100
"FREEDMAN",0.551942459255403,1000
"FREEDMAN",0.546527201802681,1000
"FREEDMAN",1,1000
"FREEDMAN",0.519458600049547,1000
"FREEDMAN",0.500742365290974,1000
"FREEDMAN",1,1000
"FREEDMAN",0.558062013735725,1000
"FREEDMAN",0.549591467716983,1000
"FREEDMAN",0.499477624926127,1000
"FREEDMAN",0.616976769807438,1000
"FREEDMAN",0.527044277794665,1000
"FREEDMAN",0.53581671096767,1000
"FREEDMAN",0.67023061707586,1000
"FREEDMAN",0.585380179832344,1000
"FREEDMAN",0.555217695756063,1000
"FREEDMAN",0.520286398393918,1000
"FREEDMAN",0.6895295869513,1000
"FREEDMAN",0.533964328833565,1000
"FREEDMAN",0.608236819761388,1000
"FREEDMAN",0.520497008930723,1000
"FREEDMAN",0.661526266829541,1000
"FREEDMAN",0.522961799447089,1000
"FREEDMAN",0.57895985757683,1000
"FREEDMAN",0.565827634639098,1000
"FREEDMAN",0.595309462239349,1000
"FREEDMAN",0.606190533790864,1000
"FREEDMAN",0.844263380035666,1000
"FREEDMAN",0.517615226922328,1000
"FREEDMAN",0.553258298977796,1000
"FREEDMAN",0.640096843331008,1000
"FREEDMAN",0.632558594192335,1000
"FREEDMAN",0.596167461975028,1000
"FREEDMAN",0,1000
"FREEDMAN",0.571736418166038,1000
"FREEDMAN",0.644574110697677,1000
"FREEDMAN",0.558062013735725,1000
"FREEDMAN",0.594334480921094,1000
"FREEDMAN",0.644118277113243,1000
"FREEDMAN",0.594135204867853,1000
"FREEDMAN",0.539333958847793,1000
"FREEDMAN",0.537923857534692,1000
"FREEDMAN",0.810780816049998,1000
"FREEDMAN",0.580195367182987,1000
"FREEDMAN",0.561244520471806,1000
"FREEDMAN",0.576902213467811,1000
"FREEDMAN",0.529605530843446,1000
"FREEDMAN",0.734500363737227,1000
"FREEDMAN",0.703127709813214,1000
"FREEDMAN",0.57895985757683,1000
"FREEDMAN",0.564513793897925,1000
"FREEDMAN",0.526894344447813,1000
"FREEDMAN",0.55057598508018,1000
"FREEDMAN",0.518965759665394,1000
"FREEDMAN",0.536534676622703,1000
"FREEDMAN",0.514651697805721,1000
"FREEDMAN",0.647123558499042,1000
"FREEDMAN",0.52424440149282,1000
"FREEDMAN",0.968030140814016,1000
"FREEDMAN",0.53630144985503,1000
"FREEDMAN",0.559330859266713,1000
"FREEDMAN",0.535733062306519,1000
"FREEDMAN",0.515386909811389,1000
"FREEDMAN",0.585591715711306,1000
"FREEDMAN",0.596733383467611,1000
"FREEDMAN",0.595515934881705,1000
"FREEDMAN",0.518955184625321,1000
"FREEDMAN",0.521265740120702,1000
"FREEDMAN",0.524428992923624,1000
"FREEDMAN",0.584006239883462,1000
"FREEDMAN",0.681088503545342,1000
"FREEDMAN",0.555204311785458,1000
"FREEDMAN",0.54076549978434,1000
"FREEDMAN",0.745252307416621,1000
"FREEDMAN",0.547446282447684,1000
"FREEDMAN",0.646073671195038,1000
"FREEDMAN",0.537193021230083,1000
"FREEDMAN",0.560341941255907,1000
"FREEDMAN",0.603210363276433,1000
"FREEDMAN",0,1000
"FREEDMAN",0.600486066258821,1000
"FREEDMAN",0.566671782573257,1000
"FREEDMAN",0.591136512928825,1000
"FREEDMAN",0.511040278455643,1000
"FREEDMAN",0.542042283030351,1000
"FREEDMAN",0.798836980796926,1000
"FREEDMAN",0.564513793897925,1000
"FREEDMAN",0.609565658663064,1000
"FREEDMAN",1,1000
"FREEDMAN",0.572400659697991,1000
"FREEDMAN",0.65325226754165,1000
"FREEDMAN",0.560341941255907,1000
"FREEDMAN",0.6477200873199,1000
"FREEDMAN",0.535674515396774,1000
"FREEDMAN",0.671700268631457,1000
"FREEDMAN",0.568939580101092,1000
"FREEDMAN",0.776956915753852,1000
"FREEDMAN",0.558062013735725,1000
"FREEDMAN",0.681088503545342,1000
"FREEDMAN",0.549295122809857,1000
"FREEDMAN",0.564661838897324,1000
"FREEDMAN",0.326079082944065,10000
"FREEDMAN",0.312577936504162,10000
"FREEDMAN",0.309482750427587,10000
"FREEDMAN",0.316330959218051,10000
"FREEDMAN",0.315049505482926,10000
"FREEDMAN",0.314313988908585,10000
"FREEDMAN",0.322134886245845,10000
"FREEDMAN",0.313870525534967,10000
"FREEDMAN",0.327179027862997,10000
"FREEDMAN",0.313078565267599,10000
"FREEDMAN",0.310223507204892,10000
"FREEDMAN",0.309438188156479,10000
"FREEDMAN",0.31780853854194,10000
"FREEDMAN",0.313561689630403,10000
"FREEDMAN",0.334736401945689,10000
"FREEDMAN",0.311569700452077,10000
"FREEDMAN",0.326936483815882,10000
"FREEDMAN",0.309874772175836,10000
"FREEDMAN",0.319905146219039,10000
"FREEDMAN",0.317450211335681,10000
"FREEDMAN",0.334437473110055,10000
"FREEDMAN",0.321978224232079,10000
"FREEDMAN",0.316711167580292,10000
"FREEDMAN",0.315771207271242,10000
"FREEDMAN",0.319033916700773,10000
"FREEDMAN",0.309425491598774,10000
"FREEDMAN",0.31033634160287,10000
"FREEDMAN",0.313479619107206,10000
"FREEDMAN",0.317099905828945,10000
"FREEDMAN",0.316810479030922,10000
"FREEDMAN",0.314160907851873,10000
"FREEDMAN",0.326616654283779,10000
"FREEDMAN",0.312992049459206,10000
"FREEDMAN",0.310722290982993,10000
"FREEDMAN",0.319454927465586,10000
"FREEDMAN",0.320974226391062,10000
"FREEDMAN",0.334275439933886,10000
"FREEDMAN",0.317867364084078,10000
"FREEDMAN",0.321118348088796,10000
"FREEDMAN",0.313958161290621,10000
"FREEDMAN",0.320716651633635,10000
"FREEDMAN",0.319212783027726,10000
"FREEDMAN",0.319033755657901,10000
"FREEDMAN",0.31791798799013,10000
"FREEDMAN",0.317674660959932,10000
"FREEDMAN",0.317450211335681,10000
"FREEDMAN",0.312326755609112,10000
"FREEDMAN",0.313372680369769,10000
"FREEDMAN",0.307290612810414,10000
"FREEDMAN",0.31224075787563,10000
"FREEDMAN",0.322827016514042,10000
"FREEDMAN",0.317474842724949,10000
"FREEDMAN",0.313756699542105,10000
"FREEDMAN",0.319780250908539,10000
"FREEDMAN",0.329659933593373,10000
"FREEDMAN",0.322099763964933,10000
"FREEDMAN",0.312917308183085,10000
"FREEDMAN",0.319100264412369,10000
"FREEDMAN",0.313865257393072,10000
"FREEDMAN",0.317482961491514,10000
"FREEDMAN",0.31405112775671,10000
"FREEDMAN",0.32368464094114,10000
"FREEDMAN",0.315874515001526,10000
"FREEDMAN",0.312326755609112,10000
"FREEDMAN",0.311877989521671,10000
"FREEDMAN",0.311495604549679,10000
"FREEDMAN",0.321425646311595,10000
"FREEDMAN",0.315354224979304,10000
"FREEDMAN",0.316920384279404,10000
"FREEDMAN",0.314652952435264,10000
"FREEDMAN",0.312896275190142,10000
"FREEDMAN",0.307404576776336,10000
"FREEDMAN",0.319219611214926,10000
"FREEDMAN",0.309340861115097,10000
"FREEDMAN",0.317450211335681,10000
"FREEDMAN",0.315874515001526,10000
"FREEDMAN",0.324492738290349,10000
"FREEDMAN",0.319244969548982,10000
"FREEDMAN",0.322584446529097,10000
"FREEDMAN",0.33665745996003,10000
"FREEDMAN",0.315360752067584,10000
"FREEDMAN",0.318895138009089,10000
"FREEDMAN",0.323544923348498,10000
"FREEDMAN",0.315661404877688,10000
"FREEDMAN",0.316938681155358,10000
"FREEDMAN",0.321504221236829,10000
"FREEDMAN",0.315360752067584,10000
"FREEDMAN",0.319775822806954,10000
"FREEDMAN",0.317029669048028,10000
"FREEDMAN",0.313344466430105,10000
"FREEDMAN",0.324764849601284,10000
"FREEDMAN",0.31609605370571,10000
"FREEDMAN",0.303636976431702,10000
"FREEDMAN",0.316058262804034,10000
"FREEDMAN",0.319513525556172,10000
"FREEDMAN",0.312318363933227,10000
"FREEDMAN",0.311758273999226,10000
"FREEDMAN",0.310307940457782,10000
"FREEDMAN",0.317275310920027,10000
"FREEDMAN",0.314160907851873,10000
"KR",0,10
"KR",0,10
"KR",0.247722525169333,10
"KR",0.309653156461667,10
"KR",0,10
"KR",0,10
"KR",0.353889321670476,10
"KR",0.309653156461667,10
"KR",0,10
"KR",0.495445050338667,10
"KR",0,10
"KR",0,10
"KR",0.412870875282222,10
"KR",0.247722525169333,10
"KR",0,10
"KR",0,10
"KR",0,10
"KR",0,10
"KR",0.275247250188148,10
"KR",0,10
"KR",0.495445050338667,10
"KR",0,10
"KR",0,10
"KR",0,10
"KR",0,10
"KR",0,10
"KR",0,10
"KR",0,10
"KR",0,10
"KR",0.353889321670476,10
"KR",0,10
"KR",0,10
"KR",0.495445050338667,10
"KR",0,10
"KR",0,10
"KR",0.495445050338667,10
"KR",0,10
"KR",0,10
"KR",0,10
"KR",0,10
"KR",0.495445050338667,10
"KR",0,10
"KR",0.247722525169333,10
"KR",0.495445050338667,10
"KR",0,10
"KR",0,10
"KR",0,10
"KR",0,10
"KR",0,10
"KR",0,10
"KR",0,10
"KR",0,10
"KR",0,10
"KR",0.412870875282222,10
"KR",0,10
"KR",0.495445050338667,10
"KR",0,10
"KR",0,10
"KR",0,10
"KR",0,10
"KR",0,10
"KR",0,10
"KR",0.309653156461667,10
"KR",0.247722525169333,10
"KR",0,10
"KR",0,10
"KR",0,10
"KR",0,10
"KR",0,10
"KR",0,10
"KR",0,10
"KR",0,10
"KR",0,10
"KR",0,10
"KR",0.412870875282222,10
"KR",0.247722525169333,10
"KR",0.412870875282222,10
"KR",0,10
"KR",0.495445050338667,10
"KR",0,10
"KR",0,10
"KR",0,10
"KR",0.353889321670476,10
"KR",0.309653156461667,10
"KR",0,10
"KR",0,10
"KR",0.495445050338667,10
"KR",0,10
"KR",0,10
"KR",0.275247250188148,10
"KR",0,10
"KR",0,10
"KR",0,10
"KR",0.495445050338667,10
"KR",0,10
"KR",0,10
"KR",0,10
"KR",0,10
"KR",0.247722525169333,10
"KR",0.495445050338667,10
"KR",0.447722525169333,100
"KR",0.285833682887692,100
"KR",0.401218298272308,100
"KR",0.288853242044731,100
"KR",0.472722525169333,100
"KR",0.370233072635269,100
"KR",0.4659005453048,100
"KR",0.334760169147748,100
"KR",0.476389471479487,100
"KR",0.474235039152296,100
"KR",0.368825743050667,100
"KR",0,100
"KR",0.410072858916522,100
"KR",0.353889321670476,100
"KR",0.309653156461667,100
"KR",0.364297831131373,100
"KR",0.45040459121697,100
"KR",0.375271372157724,100
"KR",0.412870875282222,100
"KR",0.412870875282222,100
"KR",0.486597817296905,100
"KR",0,100
"KR",0,100
"KR",0.436356040270933,100
"KR",0.430821782903188,100
"KR",0.350261794316863,100
"KR",0.358876180350698,100
"KR",0.45040459121697,100
"KR",0.353889321670476,100
"KR",0,100
"KR",0.430821782903188,100
"KR",0.458910605964615,100
"KR",0.495445050338667,100
"KR",0.38111157718359,100
"KR",0.495445050338667,100
"KR",0.45040459121697,100
"KR",0.412870875282222,100
"KR",0.427392396068519,100
"KR",0.436356040270933,100
"KR",0.36363173187252,100
"KR",0.468664236806847,100
"KR",0.390145863296825,100
"KR",0.38111157718359,100
"KR",0,100
"KR",0.325230198451035,100
"KR",0.353889321670476,100
"KR",0,100
"KR",0,100
"KR",0.343256913909885,100
"KR",0.495445050338667,100
"KR",0.470180886649524,100
"KR",0,100
"KR",0.45040459121697,100
"KR",0,100
"KR",0.45040459121697,100
"KR",0.267478865514872,100
"KR",0.412870875282222,100
"KR",0.468664236806847,100
"KR",0.428729275682034,100
"KR",0.481682687829259,100
"KR",0.437157397357647,100
"KR",0.417456618688421,100
"KR",0.495445050338667,100
"KR",0,100
"KR",0.411032178813333,100
"KR",0.372342946030889,100
"KR",0.495445050338667,100
"KR",0.437157397357647,100
"KR",0.495445050338667,100
"KR",0.410072858916522,100
"KR",0.386911012442927,100
"KR",0.444630173380855,100
"KR",0.484674505766087,100
"KR",0,100
"KR",0.495445050338667,100
"KR",0.471852428893968,100
"KR",0,100
"KR",0.456330967417193,100
"KR",0.412870875282222,100
"KR",0.45040459121697,100
"KR",0.42262450021617,100
"KR",0.428712534321818,100
"KR",0.432074171806977,100
"KR",0,100
"KR",0.391140829214737,100
"KR",0.410651758854253,100
"KR",0.383257988867273,100
"KR",0.383762164430857,100
"KR",0.446204208615556,100
"KR",0.471852428893968,100
"KR",0,100
"KR",0,100
"KR",0,100
"KR",0.340254314479238,100
"KR",0,100
"KR",0.484674505766087,100
"KR",0.437157397357647,100
"KR",0.324295221349231,100
"KR",0.481682687829259,100
"KR",0,100
"KR",0.453003412390991,1000
"KR",0.487187632833022,1000
"KR",0.495445050338667,1000
"KR",0.470251330299962,1000
"KR",0.491797580581399,1000
"KR",0.495445050338667,1000
"KR",0.493712724987832,1000
"KR",0.48231444054927,1000
"KR",0.485486355859498,1000
"KR",0.457087238093984,1000
"KR",0.489660093441212,1000
"KR",0.486298029829151,1000
"KR",0.468426430837778,1000
"KR",0.47500056566888,1000
"KR",0.490284164397639,1000
"KR",0.481193348309664,1000
"KR",0.455910277129754,1000
"KR",0.495445050338667,1000
"KR",0.488626999187217,1000
"KR",0.464537044585676,1000
"KR",0.483908966701053,1000
"KR",0.474977562450809,1000
"KR",0.487683942027563,1000
"KR",0.478716119685564,1000
"KR",0.48480662209569,1000
"KR",0.4459005453048,1000
"KR",0.386358361299259,1000
"KR",0.485936816476732,1000
"KR",0.447916136053285,1000
"KR",0.482246572518503,1000
"KR",0.442375850265442,1000
"KR",0.495445050338667,1000
"KR",0,1000
"KR",0.489870615426616,1000
"KR",0.473475880875407,1000
"KR",0.493712724987832,1000
"KR",0.493345706905028,1000
"KR",0.468475043107698,1000
"KR",0.424201055682715,1000
"KR",0.481493738490852,1000
"KR",0.470398476867622,1000
"KR",0.495445050338667,1000
"KR",0.485909066985412,1000
"KR",0.49028527968484,1000
"KR",0.491589446834086,1000
"KR",0.476981259642816,1000
"KR",0.495445050338667,1000
"KR",0.434675211286716,1000
"KR",0.489570207844532,1000
"KR",0.49225095139372,1000
"KR",0.486597817296905,1000
"KR",0.488895081974815,1000
"KR",0.473587180470784,1000
"KR",0.489431356482092,1000
"KR",0.470496816325169,1000
"KR",0.465202279632328,1000
"KR",0.495445050338667,1000
"KR",0.414389191836,1000
"KR",0.48012284464847,1000
"KR",0.474871887145123,1000
"KR",0.443426609840463,1000
"KR",0.49144473602703,1000
"KR",0.447381104529135,1000
"KR",0.487452629602299,1000
"KR",0.432712152236006,1000
"KR",0.491341646861741,1000
"KR",0.488433358996705,1000
"KR",0.48968406138124,1000
"KR",0.495445050338667,1000
"KR",0.483514419046333,1000
"KR",0.47687220117154,1000
"KR",0.479517604050266,1000
"KR",0.495445050338667,1000
"KR",0.46556692155576,1000
"KR",0.481883976973993,1000
"KR",0.486125678003103,1000
"KR",0.484674505766087,1000
"KR",0.46886941471952,1000
"KR",0,1000
"KR",0.495445050338667,1000
"KR",0.488077837694226,1000
"KR",0.485031061510099,1000
"KR",0.461336332710175,1000
"KR",0.482945719866068,1000
"KR",0.363159911564167,1000
"KR",0.486568617172995,1000
"KR",0.495445050338667,1000
"KR",0.399552459950538,1000
"KR",0.481950438072633,1000
"KR",0.495445050338667,1000
"KR",0.484674505766087,1000
"KR",0.454539017178757,1000
"KR",0.484886048015344,1000
"KR",0.420913740004384,1000
"KR",0.48053508554798,1000
"KR",0.486682254824865,1000
"KR",0.493712724987832,1000
"KR",0.495445050338667,1000
"KR",0.479082046982756,1000
"KR",0.473162641295739,1000
"KR",0.494033903758264,10000
"KR",0.493771052693484,10000
"KR",0.494969293413806,10000
"KR",0.490561697869129,10000
"KR",0.494765726136968,10000
"KR",0.494925814749319,10000
"KR",0.495253393611079,10000
"KR",0.494924989054196,10000
"KR",0.495228793223722,10000
"KR",0.491462213730254,10000
"KR",0.492311312898776,10000
"KR",0.494481774155247,10000
"KR",0.492023000877067,10000
"KR",0.492932233087843,10000
"KR",0.494468322787481,10000
"KR",0.49360570427565,10000
"KR",0.492858507110478,10000
"KR",0.494184576762758,10000
"KR",0.489741406941568,10000
"KR",0.493075430205655,10000
"KR",0.494480890855758,10000
"KR",0.494042091053727,10000
"KR",0.492270500145806,10000
"KR",0.494560930687376,10000
"KR",0.487841046429525,10000
"KR",0.494670819938658,10000
"KR",0.491654484663501,10000
"KR",0.494312810009289,10000
"KR",0.494716051705248,10000
"KR",0.492499463371526,10000
"KR",0.495097003236216,10000
"KR",0.495445050338667,10000
"KR",0.494822865228854,10000
"KR",0.491484018943095,10000
"KR",0.491997235389596,10000
"KR",0.494479549684235,10000
"KR",0.492666223755365,10000
"KR",0.492143454794066,10000
"KR",0.493123780865694,10000
"KR",0.495271878353229,10000
"KR",0.492742155087761,10000
"KR",0.495445050338667,10000
"KR",0.491659966439516,10000
"KR",0.493266098273668,10000
"KR",0.495260251737272,10000
"KR",0.489837321478263,10000
"KR",0.495108242010768,10000
"KR",0.494448311733061,10000
"KR",0.494525546645614,10000
"KR",0.493293857088171,10000
"KR",0.494844552268873,10000
"KR",0.494891067800085,10000
"KR",0.491477100236397,10000
"KR",0.492610850816716,10000
"KR",0.494313897255702,10000
"KR",0.485499612505451,10000
"KR",0.494299054880055,10000
"KR",0.494898609210774,10000
"KR",0.495098827382455,10000
"KR",0.493263216926381,10000
"KR",0.493021752684005,10000
"KR",0.493812720754859,10000
"KR",0.495265930653078,10000
"KR",0.495108242010768,10000
"KR",0.492039549441711,10000
"KR",0.494779800187155,10000
"KR",0.49505845641894,10000
"KR",0.491095004265178,10000
"KR",0.493627595227852,10000
"KR",0.495269733618802,10000
"KR",0.494433600955403,10000
"KR",0.494205663095793,10000
"KR",0.493554366990463,10000
"KR",0.493415719877759,10000
"KR",0.494011524731928,10000
"KR",0.495265930653078,10000
"KR",0.49441106820529,10000
"KR",0.490962323465255,10000
"KR",0.491758733792898,10000
"KR",0.495194951878122,10000
"KR",0.495096547901536,10000
"KR",0.493758335672093,10000
"KR",0.493826286610135,10000
"KR",0.495347493484643,10000
"KR",0.489332194011787,10000
"KR",0.494659438908148,10000
"KR",0.495096547901536,10000
"KR",0.492542523464064,10000
"KR",0.49526229672364,10000
"KR",0.4945901437393,10000
"KR",0.495445050338667,10000
"KR",0.494904171462751,10000
"KR",0.492220411396357,10000
"KR",0.492909122587165,10000
"KR",0.487814460992856,10000
"KR",0.494197201686563,10000
"KR",0.495445050338667,10000
"KR",0.495126768171771,10000
"KR",0.494522433857589,10000
"KR",0.494929379333268,10000
"KR-U",0,10
"KR-U",0,10
"KR-U",0.306782644588371,10
"KR-U",0.383478305735464,10
"KR-U",0,10
"KR-U",0,10
"KR-U",0.43826092084053,10
"KR-U",0.383478305735464,10
"KR-U",0,10
"KR-U",0.613565289176742,10
"KR-U",0,10
"KR-U",0,10
"KR-U",0.511304407647285,10
"KR-U",0.306782644588371,10
"KR-U",0,10
"KR-U",0,10
"KR-U",0,10
"KR-U",0,10
"KR-U",0.34086960509819,10
"KR-U",0,10
"KR-U",0.613565289176742,10
"KR-U",0,10
"KR-U",0,10
"KR-U",0,10
"KR-U",0,10
"KR-U",0,10
"KR-U",0,10
"KR-U",0,10
"KR-U",0,10
"KR-U",0.43826092084053,10
"KR-U",0,10
"KR-U",0,10
"KR-U",0.613565289176742,10
"KR-U",0,10
"KR-U",0,10
"KR-U",0.613565289176742,10
"KR-U",0,10
"KR-U",0,10
"KR-U",0,10
"KR-U",0,10
"KR-U",0.613565289176742,10
"KR-U",0,10
"KR-U",0.306782644588371,10
"KR-U",0.613565289176742,10
"KR-U",0,10
"KR-U",0,10
"KR-U",0,10
"KR-U",0,10
"KR-U",0,10
"KR-U",0,10
"KR-U",0,10
"KR-U",0,10
"KR-U",0,10
"KR-U",0.511304407647285,10
"KR-U",0,10
"KR-U",0.613565289176742,10
"KR-U",0,10
"KR-U",0,10
"KR-U",0,10
"KR-U",0,10
"KR-U",0,10
"KR-U",0,10
"KR-U",0.383478305735464,10
"KR-U",0.306782644588371,10
"KR-U",0,10
"KR-U",0,10
"KR-U",0,10
"KR-U",0,10
"KR-U",0,10
"KR-U",0,10
"KR-U",0,10
"KR-U",0,10
"KR-U",0,10
"KR-U",0,10
"KR-U",0.511304407647285,10
"KR-U",0.306782644588371,10
"KR-U",0.511304407647285,10
"KR-U",0,10
"KR-U",0.613565289176742,10
"KR-U",0,10
"KR-U",0,10
"KR-U",0,10
"KR-U",0.43826092084053,10
"KR-U",0.383478305735464,10
"KR-U",0,10
"KR-U",0,10
"KR-U",0.613565289176742,10
"KR-U",0,10
"KR-U",0,10
"KR-U",0.34086960509819,10
"KR-U",0,10
"KR-U",0,10
"KR-U",0,10
"KR-U",0.613565289176742,10
"KR-U",0,10
"KR-U",0,10
"KR-U",0,10
"KR-U",0,10
"KR-U",0.306782644588371,10
"KR-U",0.613565289176742,10
"KR-U",0.506782644588371,100
"KR-U",0.353979974525044,100
"KR-U",0.425685632533989,100
"KR-U",0.326956544895723,100
"KR-U",0.531782644588371,100
"KR-U",0.389284724060765,100
"KR-U",0.553774859719413,100
"KR-U",0.414571141335637,100
"KR-U",0.555697427543961,100
"KR-U",0.564599081673384,100
"KR-U",0.43632302238671,100
"KR-U",0,100
"KR-U",0.48710779728918,100
"KR-U",0.43826092084053,100
"KR-U",0.383478305735464,100
"KR-U",0.451150947924075,100
"KR-U",0.557786626524311,100
"KR-U",0.447295908034599,100
"KR-U",0.505652203823643,100
"KR-U",0.505652203823643,100
"KR-U",0.552862236587105,100
"KR-U",0,100
"KR-U",0,100
"KR-U",0.530852231341394,100
"KR-U",0.533535034066732,100
"KR-U",0.419744287751025,100
"KR-U",0.400080914829096,100
"KR-U",0.557786626524311,100
"KR-U",0.43826092084053,100
"KR-U",0,100
"KR-U",0.533535034066732,100
"KR-U",0.525752542873434,100
"KR-U",0.606782644588371,100
"KR-U",0.471973299366725,100
"KR-U",0.613565289176742,100
"KR-U",0.557786626524311,100
"KR-U",0.511304407647285,100
"KR-U",0.509420339706071,100
"KR-U",0.530852231341394,100
"KR-U",0.421251360574021,100
"KR-U",0.544206834912633,100
"KR-U",0.46045552927187,100
"KR-U",0.470474635970636,100
"KR-U",0,100
"KR-U",0.381649187789093,100
"KR-U",0.43826092084053,100
"KR-U",0,100
"KR-U",0,100
"KR-U",0.383988030750601,100
"KR-U",0.611304407647285,100
"KR-U",0.504726082236977,100
"KR-U",0,100
"KR-U",0.557786626524311,100
"KR-U",0,100
"KR-U",0.557786626524311,100
"KR-U",0.312909726606439,100
"KR-U",0.511304407647285,100
"KR-U",0.580399597869891,100
"KR-U",0.503199033660519,100
"KR-U",0.592753673039404,100
"KR-U",0.54138113750889,100
"KR-U",0.510709438823744,100
"KR-U",0.613565289176742,100
"KR-U",0,100
"KR-U",0.495403777983387,100
"KR-U",0.441246418686433,100
"KR-U",0.613565289176742,100
"KR-U",0.54138113750889,100
"KR-U",0.613565289176742,100
"KR-U",0.48710779728918,100
"KR-U",0.473340455495177,100
"KR-U",0.550635515927846,100
"KR-U",0.57406431902831,100
"KR-U",0,100
"KR-U",0.538351243804586,100
"KR-U",0.581118063697673,100
"KR-U",0,100
"KR-U",0.565125924241736,100
"KR-U",0.511304407647285,100
"KR-U",0.557786626524311,100
"KR-U",0.44969474237803,100
"KR-U",0.509249060802324,100
"KR-U",0.451905910840084,100
"KR-U",0,100
"KR-U",0.48439364935006,100
"KR-U",0.492113992535684,100
"KR-U",0.463794515347779,100
"KR-U",0.43438512393289,100
"KR-U",0.544637740980619,100
"KR-U",0.582492406439835,100
"KR-U",0,100
"KR-U",0,100
"KR-U",0,100
"KR-U",0.407751593815281,100
"KR-U",0,100
"KR-U",0.580190064912405,100
"KR-U",0.54138113750889,100
"KR-U",0.392441512986582,100
"KR-U",0.596521808921833,100
"KR-U",0,100
"KR-U",0.367196384017976,1000
"KR-U",0.36230043223107,1000
"KR-U",0.57792532464572,1000
"KR-U",0.34890811887611,1000
"KR-U",0.343944979516901,1000
"KR-U",0.613565289176742,1000
"KR-U",0.369901140599554,1000
"KR-U",0.364447568822884,1000
"KR-U",0.340532066256929,1000
"KR-U",0.388914408764694,1000
"KR-U",0.355184286236477,1000
"KR-U",0.35846831668501,1000
"KR-U",0.412063633347877,1000
"KR-U",0.377931089122939,1000
"KR-U",0.367332382678723,1000
"KR-U",0.349042771200688,1000
"KR-U",0.419574450820391,1000
"KR-U",0.35971118342095,1000
"KR-U",0.390192355337947,1000
"KR-U",0.348561322851189,1000
"KR-U",0.412663102855014,1000
"KR-U",0.348689742447427,1000
"KR-U",0.377674109396051,1000
"KR-U",0.368502156084168,1000
"KR-U",0.384030678083597,1000
"KR-U",0.371527850841833,1000
"KR-U",0.440601765258897,1000
"KR-U",0.350329824767243,1000
"KR-U",0.359574176981166,1000
"KR-U",0.402703583788057,1000
"KR-U",0.389104643156378,1000
"KR-U",0.387580393526078,1000
"KR-U",0,1000
"KR-U",0.375439990036137,1000
"KR-U",0.400813456624916,1000
"KR-U",0.369901140599554,1000
"KR-U",0.385938103723001,1000
"KR-U",0.401809136998687,1000
"KR-U",0.3690741655575,1000
"KR-U",0.360049820342592,1000
"KR-U",0.360925647810687,1000
"KR-U",0.479456736155757,1000
"KR-U",0.380476758895642,1000
"KR-U",0.371325709902306,1000
"KR-U",0.377515850266104,1000
"KR-U",0.350920692540112,1000
"KR-U",0.447653333714131,1000
"KR-U",0.41374620317937,1000
"KR-U",0.377674109396051,1000
"KR-U",0.372801894034869,1000
"KR-U",0.35328776943129,1000
"KR-U",0.365960032556636,1000
"KR-U",0.344963140946728,1000
"KR-U",0.360884516682731,1000
"KR-U",0.34467609699133,1000
"KR-U",0.402147256893464,1000
"KR-U",0.355306556685183,1000
"KR-U",0.473449311255038,1000
"KR-U",0.357126188752386,1000
"KR-U",0.369935596638427,1000
"KR-U",0.356455719236328,1000
"KR-U",0.350308611941038,1000
"KR-U",0.372523278153646,1000
"KR-U",0.386156271107808,1000
"KR-U",0.375094370892004,1000
"KR-U",0.352134464142889,1000
"KR-U",0.352114044778662,1000
"KR-U",0.35328776943129,1000
"KR-U",0.382206198708804,1000
"KR-U",0.424902243649562,1000
"KR-U",0.367005672558454,1000
"KR-U",0.361011063891106,1000
"KR-U",0.452257768003762,1000
"KR-U",0.365790583682816,1000
"KR-U",0.40509589998221,1000
"KR-U",0.358479443389673,1000
"KR-U",0.367505960296927,1000
"KR-U",0.385124779350137,1000
"KR-U",0,1000
"KR-U",0.389514151726137,1000
"KR-U",0.371604539779792,1000
"KR-U",0.382228923616082,1000
"KR-U",0.341516531639578,1000
"KR-U",0.362168150634346,1000
"KR-U",0.400072486201065,1000
"KR-U",0.372801894034869,1000
"KR-U",0.393549529823809,1000
"KR-U",0.486058917609152,1000
"KR-U",0.37179591314086,1000
"KR-U",0.412808723157592,1000
"KR-U",0.367505960296927,1000
"KR-U",0.401041576180395,1000
"KR-U",0.359560409068401,1000
"KR-U",0.389422859104212,1000
"KR-U",0.371293839084805,1000
"KR-U",0.463308593152153,1000
"KR-U",0.369901140599554,1000
"KR-U",0.424902243649562,1000
"KR-U",0.364475081608494,1000
"KR-U",0.366735149162409,1000
"KR-U",0.263159904699124,10000
"KR-U",0.256570032169041,10000
"KR-U",0.255175340118047,10000
"KR-U",0.257874576657583,10000
"KR-U",0.25788106908776,10000
"KR-U",0.257490158360302,10000
"KR-U",0.261273681958686,10000
"KR-U",0.257178337002016,10000
"KR-U",0.263626183465179,10000
"KR-U",0.256934684029689,10000
"KR-U",0.254840662006795,10000
"KR-U",0.254935862620175,10000
"KR-U",0.259006802223132,10000
"KR-U",0.257167438608376,10000
"KR-U",0.267022340472765,10000
"KR-U",0.255825513265637,10000
"KR-U",0.263240700603862,10000
"KR-U",0.255185877006586,10000
"KR-U",0.260156021749768,10000
"KR-U",0.25903104192074,10000
"KR-U",0.267019418848345,10000
"KR-U",0.260826373080506,10000
"KR-U",0.258629241936613,10000
"KR-U",0.258179230384703,10000
"KR-U",0.258607451573268,10000
"KR-U",0.255181023867399,10000
"KR-U",0.254911555024821,10000
"KR-U",0.256992333555952,10000
"KR-U",0.258774735365926,10000
"KR-U",0.258157105914094,10000
"KR-U",0.257362684489156,10000
"KR-U",0.263416270190102,10000
"KR-U",0.256804146443137,10000
"KR-U",0.255770079900219,10000
"KR-U",0.259512627920551,10000
"KR-U",0.260563137431999,10000
"KR-U",0.266942726318156,10000
"KR-U",0.25880161374421,10000
"KR-U",0.260594134470588,10000
"KR-U",0.257311341963414,10000
"KR-U",0.26054392606227,10000
"KR-U",0.259875620195095,10000
"KR-U",0.259290459006315,10000
"KR-U",0.25917382813574,10000
"KR-U",0.259090387991417,10000
"KR-U",0.25903104192074,10000
"KR-U",0.256485925025004,10000
"KR-U",0.257031761764654,10000
"KR-U",0.254003226531911,10000
"KR-U",0.256356350665997,10000
"KR-U",0.261559428843214,10000
"KR-U",0.258897253151319,10000
"KR-U",0.257260499469228,10000
"KR-U",0.260147521109557,10000
"KR-U",0.26456360312828,10000
"KR-U",0.260883675979253,10000
"KR-U",0.256785472970909,10000
"KR-U",0.259821547735531,10000
"KR-U",0.257221435834147,10000
"KR-U",0.258852390549155,10000
"KR-U",0.257401310964101,10000
"KR-U",0.261811277653782,10000
"KR-U",0.25822876095569,10000
"KR-U",0.256485925025004,10000
"KR-U",0.25556520825083,10000
"KR-U",0.25600144011444,10000
"KR-U",0.260882409339923,10000
"KR-U",0.258026518911944,10000
"KR-U",0.258608874207449,10000
"KR-U",0.257644484755258,10000
"KR-U",0.256758217900547,10000
"KR-U",0.253888227069264,10000
"KR-U",0.259701488746644,10000
"KR-U",0.255098998465963,10000
"KR-U",0.25903104192074,10000
"KR-U",0.25822876095569,10000
"KR-U",0.262242277171202,10000
"KR-U",0.258811079487892,10000
"KR-U",0.260899120800298,10000
"KR-U",0.268134485075796,10000
"KR-U",0.257982882753962,10000
"KR-U",0.25962336196304,10000
"KR-U",0.261799474634054,10000
"KR-U",0.258173538338547,10000
"KR-U",0.258641140998522,10000
"KR-U",0.260874819741298,10000
"KR-U",0.257982882753962,10000
"KR-U",0.259578652287627,10000
"KR-U",0.258781256269937,10000
"KR-U",0.256936611769864,10000
"KR-U",0.262531785632617,10000
"KR-U",0.258240602049906,10000
"KR-U",0.252330037947824,10000
"KR-U",0.257901754306378,10000
"KR-U",0.259977605170214,10000
"KR-U",0.256570218663034,10000
"KR-U",0.256300948551138,10000
"KR-U",0.255562131305634,10000
"KR-U",0.258704406035377,10000
"KR-U",0.257362684489156,10000
